{
  "training_duration": "00:00:33",
  "training_start_epoch": 0,
  "training_epochs": 0,
  "epoch": 0,
  "training_parse_acc": 0,
  "training_denotation_acc": 0,
  "training_lf_percent": 0,
  "training_loss": 10.58711471821171,
  "validation_parse_acc": 0.007142857142857143,
  "validation_denotation_acc": 0.48928571428571427,
  "validation_lf_percent": 1.0,
  "validation_loss": 7.87212038721357,
  "best_epoch": 0,
  "best_validation_parse_acc": 0.007142857142857143,
  "best_validation_denotation_acc": 0.48928571428571427,
  "best_validation_lf_percent": 1.0,
  "best_validation_loss": 7.87212038721357
}